PatientID,Hippocampal_Volume,MRI_PET_Imaging_Scores,CSF Abeta42 Levels,APOE4 Gene Presence
5528,4473.9,20.98,1214.9,0
4975,3842.9,39.02,724.2,1
4986,3615.9,67.52,194.7,1
4758,2696.3,24.43,935.9,1
5377,3146.4,20.04,1013.1,0
4801,3341.7,26.82,603.0,0
5689,3511.0,19.17,1050.7,1
5517,3543.8,-1.11,887.2,1
5347,3540.4,30.08,879.5,0
4961,3272.4,27.03,1002.8,0
5202,3590.4,45.4,611.9,0
4870,3753.7,12.14,1178.1,0
5705,2804.9,-12.92,763.3,1
5692,3320.9,46.89,771.9,0
5597,3831.6,53.93,775.9,0
5466,3209.5,67.2,136.3,1
5164,2232.6,50.28,1036.3,1
5413,4105.2,58.83,609.2,1
5068,2820.1,33.05,844.4,1
5233,3691.2,25.85,843.9,1
5563,3234.6,50.05,597.2,0
5013,3570.7,14.57,608.8,0
5307,3079.2,39.68,707.5,1
5535,3796.8,12.91,786.5,0
5059,3958.0,43.23,625.8,0
5097,2761.9,16.59,1304.8,1
4908,4001.7,21.43,485.7,0
5723,2708.9,79.65,360.0,0
5473,3107.8,73.72,579.8,0
5620,3819.5,39.69,772.5,1
5279,4482.3,28.57,833.6,1
4965,3287.1,31.91,1021.6,0
5682,3281.6,43.48,944.1,1
5501,3924.7,13.61,1004.7,1
5306,4234.6,21.37,1047.0,0
5044,3589.2,10.05,617.3,1
4823,3593.3,18.76,598.2,1
5625,3388.5,-0.88,889.0,0
5471,3057.0,65.34,597.5,0
4844,4865.4,89.96,674.9,0
5249,4195.1,26.98,1076.5,0
4899,3527.8,28.47,951.2,0
5221,3612.3,31.38,554.5,0
5694,2608.5,34.99,322.0,0
5201,3796.1,27.59,733.4,0
5160,3400.8,22.14,553.9,0
5567,3894.3,54.95,915.3,1
5650,3017.3,16.47,740.3,0
5414,3291.5,62.73,857.7,0
5260,3004.6,28.62,953.6,1
5601,3578.5,9.95,587.7,1
5400,3295.6,19.13,828.1,1
5138,3745.3,62.93,913.3,0
5613,3525.4,64.65,952.1,0
4783,3728.9,2.4,975.0,0
4795,3745.6,42.28,635.4,1
5676,2943.1,40.82,1064.0,0
4762,3701.8,6.39,619.2,0
5076,3401.1,23.41,488.6,1
5226,2827.2,81.06,1057.0,0
5194,3850.5,58.1,823.4,0
4838,4073.3,27.32,1047.6,1
5554,3860.2,18.38,783.4,0
5058,4295.0,3.88,1398.2,1
5653,3911.9,27.85,900.0,1
4835,3724.8,43.22,675.3,1
4766,3187.1,52.3,107.7,0
5362,3410.1,77.54,601.4,1
4860,4252.5,58.55,1120.8,0
5555,4249.9,42.5,994.3,0
4917,4175.3,21.73,608.4,1
5495,4514.1,42.86,561.2,0
5632,3905.0,53.81,1142.2,0
4995,2602.6,24.48,141.5,1
5183,3782.0,29.5,507.8,0
5179,3695.3,50.17,963.9,1
5738,3756.7,62.98,387.0,0
4812,3788.3,53.68,928.3,1
5631,4373.6,47.97,742.2,0
5215,2702.6,-7.16,861.2,0
4804,4316.8,83.08,459.7,1
4853,3869.7,-0.82,622.6,0
5157,4036.5,17.84,1085.9,0
4854,3771.6,43.77,898.9,0
5232,4239.5,23.93,1086.8,1
5562,3816.2,48.03,606.6,1
5751,3647.7,49.06,289.2,1
4903,2690.1,68.64,1429.7,0
5038,3107.4,44.74,557.9,0
5248,3349.6,38.29,604.0,0
5322,3158.8,19.04,528.3,0
5429,3536.8,30.29,615.3,0
5529,3464.4,31.52,547.1,0
5073,3376.2,22.2,740.6,1
5141,3915.9,41.98,321.0,0
5409,3932.2,-1.78,520.9,0
5078,2305.1,88.78,766.8,1
4889,3845.2,3.84,770.6,0
4848,3199.5,17.84,624.6,0
5241,3511.1,37.32,601.6,0
4909,2513.3,56.45,259.6,0
5285,3912.6,33.44,806.5,0
5589,3718.3,55.38,752.9,1
5130,4033.6,-1.9,1049.0,1
5704,3511.9,37.65,881.1,1
5720,4131.2,28.43,715.6,0
5575,3661.5,57.95,530.0,1
5658,2478.2,50.74,846.2,1
5005,3782.7,38.42,663.2,0
5536,3172.2,22.21,766.9,1
5537,3470.4,42.87,642.0,0
5234,2567.4,27.34,524.9,0
5722,2387.8,46.08,799.6,1
5212,4576.0,41.95,538.7,1
4887,3851.7,12.51,682.2,0
5404,4037.3,50.61,724.0,1
5027,4433.1,-5.08,693.8,0
5708,4163.9,31.47,481.3,1
5545,3716.3,28.68,646.8,0
5191,3121.8,1.46,790.6,0
5443,2269.1,29.51,632.2,0
5395,3732.6,61.87,934.3,0
4901,4072.8,38.53,695.3,1
5135,3746.5,26.17,730.5,1
5104,4677.1,45.22,961.0,0
5582,3114.2,11.87,383.7,0
5623,3985.6,49.61,1427.4,1
5421,3600.9,19.6,926.1,1
5363,4280.1,36.87,1147.3,0
5184,3240.7,44.15,740.7,1
5645,3799.1,21.6,692.7,0
5326,2406.5,25.03,379.3,1
5147,3759.8,38.59,686.0,0
5741,3129.7,42.9,714.5,1
5538,3935.3,59.89,847.3,1
4839,3623.0,40.07,916.6,0
4937,3752.6,18.46,1351.1,1
5064,3867.4,7.34,913.1,0
4786,4668.2,45.73,923.7,1
4863,3313.2,32.74,819.4,0
4821,4016.6,44.51,1162.8,0
5118,3850.9,12.3,1016.4,0
4922,3368.1,63.34,1119.0,0
5165,3998.2,42.15,591.9,0
5445,3032.4,65.13,374.2,0
5520,4085.7,13.2,1091.7,0
5199,3658.1,14.05,631.5,0
5113,3693.1,-5.72,1205.9,1
5231,2921.4,54.69,633.2,1
5236,3361.7,34.01,725.7,0
5718,3396.5,2.36,787.6,0
4990,4418.5,24.35,477.1,0
5699,2938.0,12.61,446.5,0
5399,3629.2,46.42,680.8,0
5606,2785.6,44.79,802.9,0
5448,3975.0,17.75,875.2,1
5218,3504.7,-8.1,881.6,1
4858,3025.1,27.45,855.0,1
4845,4155.5,49.67,639.9,0
5417,4143.5,24.15,437.1,0
5638,3141.7,46.48,659.1,0
5083,2884.3,47.71,299.8,1
5731,4791.6,54.15,687.6,1
5735,4103.0,15.63,1125.4,0
5359,3214.3,64.6,540.7,0
4775,3626.8,23.02,454.3,0
5200,4182.1,39.68,1201.4,1
4826,2691.6,63.41,682.9,0
5225,2845.1,5.19,174.3,0
5219,3126.2,39.45,761.6,1
5297,4769.1,71.83,1024.9,0
5472,3892.5,47.39,760.9,0
4924,3593.8,41.4,849.6,0
5728,3382.7,15.58,1198.9,1
5480,4246.2,-12.61,419.3,0
5299,3843.8,-8.46,888.6,0
5128,4417.4,43.69,547.4,0
5134,3580.5,30.66,957.1,0
5186,3992.3,6.83,783.8,1
4800,3933.0,70.17,764.6,1
5496,3865.9,7.9,823.3,0
4787,2821.1,46.99,630.4,1
5316,4468.8,21.69,256.7,0
5534,3708.2,42.09,845.0,0
5308,3725.4,59.8,651.0,1
4962,3424.7,41.8,329.6,0
5290,4035.5,12.39,510.9,0
5301,4459.4,11.79,1218.5,0
5607,2496.8,66.5,539.8,0
5016,2225.9,51.78,525.4,0
5621,3191.1,44.81,512.4,1
5247,3123.2,52.36,825.5,0
5745,3875.7,31.47,1062.2,1
5045,3378.9,15.67,525.9,1
5062,4065.9,19.68,1143.1,0
5372,4115.5,16.42,928.2,0
5261,4031.8,27.67,991.6,0
5057,3410.8,95.42,739.2,0
5666,2785.7,58.38,631.9,1
4875,3873.0,-14.48,1023.2,0
4793,3776.3,13.47,616.4,0
5546,4035.9,52.33,969.4,1
4851,3435.7,31.05,670.6,0
5578,3714.8,54.87,600.9,0
5259,2861.1,82.46,900.9,1
5640,3177.9,89.7,399.9,0
5002,4674.8,47.5,786.6,1
5542,3641.0,60.41,1049.6,1
5497,3554.8,17.62,732.4,0
5237,3252.0,35.19,378.8,0
4852,3342.3,59.8,404.9,0
4969,3034.3,6.7,642.2,0
5568,3429.0,53.0,489.5,1
5243,2848.6,98.15,728.9,1
5743,3976.4,37.26,962.3,0
5257,3645.7,27.75,868.1,0
4768,3710.4,58.62,993.4,1
5121,3679.1,21.2,1029.8,0
5491,3605.3,43.67,566.1,1
4881,3888.5,13.94,-57.2,1
5213,3833.0,36.5,896.6,0
4964,3275.7,36.42,617.1,0
5695,3064.8,71.9,418.8,0
4832,3054.7,0.87,1024.1,0
5452,3763.6,54.13,874.8,0
4753,2970.9,24.18,1301.7,0
5556,4599.8,37.26,608.2,1
5284,2825.8,49.13,952.9,0
5487,3383.8,20.53,733.3,0
5547,3143.5,5.36,786.1,1
5277,3065.8,-8.11,433.2,0
5736,2916.3,73.18,593.5,1
5475,3301.3,29.84,1020.6,1
5609,3382.4,38.09,1444.7,1
4803,3812.6,46.39,676.8,0
4798,3496.0,3.76,905.1,1
5091,3733.8,16.16,1072.6,0
5669,3664.3,64.09,506.3,1
5036,3819.2,10.89,482.2,1
5262,3946.6,21.15,777.8,0
4754,3294.3,30.77,660.8,0
5050,2648.1,61.72,1076.5,1
5519,3465.2,66.93,611.3,0
5181,3091.3,25.83,1025.7,1
5214,3712.4,27.76,886.9,0
4920,4394.7,54.22,814.7,0
5401,2360.4,21.81,857.6,0
4871,4383.7,28.41,963.4,1
4884,3247.6,48.32,491.1,1
5175,4457.1,14.99,702.5,0
4882,3474.6,49.58,1105.5,0
5732,2764.6,63.3,500.4,1
5144,3180.2,12.85,676.6,1
5446,3383.5,87.17,798.5,0
5352,3963.2,31.71,514.9,0
5239,4757.8,36.16,950.8,0
5525,3838.1,30.72,834.1,0
5530,3730.1,36.28,632.0,1
5561,3633.6,69.93,305.2,0
4756,3227.3,35.41,610.2,0
4952,3163.1,95.96,277.9,0
5453,2265.5,13.96,733.4,1
4902,3099.7,55.3,700.8,0
5148,4136.9,54.59,1177.7,1
5292,3690.7,23.58,684.3,0
5364,2839.6,22.42,1097.8,0
5177,3841.4,56.37,1411.5,1
5319,3917.1,17.16,169.0,0
5700,4500.2,13.26,343.2,0
5320,2893.9,8.99,305.2,1
5485,2200.5,34.38,261.2,0
4933,3320.9,43.9,771.8,1
5469,3161.7,43.05,892.3,1
5122,3808.0,24.04,395.4,0
5531,3437.9,8.52,920.3,0
4761,3968.2,26.66,962.7,1
5042,4037.7,33.99,1255.1,0
5652,2816.1,45.83,772.9,1
4880,3807.0,33.01,851.1,0
5133,3385.9,10.0,681.3,0
5628,2794.0,41.48,606.1,1
5171,2587.0,64.71,605.4,1
5106,4034.7,38.28,561.7,0
5180,3300.3,37.31,1032.2,0
5060,4139.9,43.61,760.7,0
4911,3233.6,57.4,618.7,0
5294,4666.9,17.51,96.1,0
5427,3272.9,14.61,728.4,0
5086,3565.1,24.73,713.6,0
5630,2173.7,58.33,701.7,0
5619,2696.7,51.06,365.7,0
5170,3056.2,33.61,850.2,1
5503,2785.3,19.86,1000.3,0
5450,3466.1,36.21,729.1,0
5298,3598.9,46.5,1037.4,1
5457,3562.7,35.95,668.8,1
5587,2974.4,-3.84,109.0,0
5398,3207.3,14.05,689.4,0
4759,2982.2,52.16,957.2,0
4987,2677.5,9.9,881.1,0
5553,3455.4,-8.42,863.6,1
5415,3707.9,36.24,1044.2,0
5476,4443.9,-20.13,1040.9,1
5392,3817.2,47.83,712.5,0
5115,3549.2,95.8,758.7,0
5624,3002.3,56.26,422.9,0
5263,3192.5,4.02,567.7,1
5611,3152.9,3.75,446.5,0
5586,3468.1,47.83,341.0,1
5596,3643.4,42.88,868.3,1
5637,3640.0,43.73,1064.1,0
5539,3198.5,28.32,437.3,0
5617,4082.4,46.83,1175.8,0
4879,3494.5,31.88,689.6,0
5425,3136.7,42.02,697.8,1
5432,4254.8,17.39,1424.0,1
5087,3727.3,53.54,793.7,0
5286,3149.1,3.39,1159.3,0
4947,3480.5,48.02,335.7,1
5061,4129.8,5.5,865.2,0
4876,2924.7,-11.75,773.1,0
4978,4702.6,42.24,958.3,1
5207,3300.7,46.19,817.8,0
5693,3359.4,38.35,932.2,0
5111,3257.8,65.6,556.8,1
5510,4175.7,6.49,835.7,0
5275,3380.8,56.68,627.0,1
5479,3558.7,28.01,213.6,0
4894,2661.8,24.66,651.8,1
4957,4274.5,37.09,1098.9,0
4872,3162.2,36.45,393.9,1
5220,4085.8,-14.18,895.7,1
4923,2319.5,61.52,678.7,1
5696,3831.3,17.05,452.1,0
4751,3256.4,25.07,614.8,0
5228,3584.8,21.06,821.8,0
4878,4120.1,40.07,1158.5,1
5560,3891.2,44.04,1425.3,1
5371,3581.1,62.88,503.9,0
5541,3753.5,33.59,705.9,0
5468,3428.7,-19.59,856.8,0
5361,3497.2,44.83,816.1,0
5011,4396.7,18.45,792.9,0
4943,3706.9,74.67,1143.8,0
5344,3535.0,39.26,948.6,0
5390,3932.9,7.54,1057.3,0
5572,3597.5,16.31,710.7,1
5482,2804.7,45.45,561.9,0
4892,3820.5,48.84,727.0,0
5600,3948.2,45.13,948.9,0
5024,2891.6,2.8,956.9,1
5156,3207.1,54.54,626.5,1
5451,2488.3,65.21,599.6,0
4856,3429.3,16.05,1177.2,0
5182,3186.1,21.54,521.3,1
4955,3854.0,28.32,1412.3,0
5204,3261.5,46.94,310.9,0
5394,3232.7,19.82,415.6,0
5245,3067.6,46.12,645.3,1
4972,3076.5,25.87,271.5,0
5393,4379.6,23.51,577.7,0
5615,3477.5,42.5,1080.2,0
4959,3156.6,54.52,857.9,0
5428,3716.9,26.55,521.7,0
4999,3352.8,64.84,756.5,0
4792,3456.2,16.84,793.7,0
5101,4110.5,74.66,103.7,0
5037,4140.5,69.77,1080.7,1
5334,3890.7,11.41,492.3,0
5330,3907.0,49.83,18.6,0
5007,3352.7,43.76,812.4,0
4874,2842.5,33.94,853.3,1
4967,3385.4,15.63,1003.9,1
5012,3944.0,32.28,947.6,0
4757,3466.7,35.05,803.3,0
5001,2927.0,77.83,542.6,1
5470,3947.2,31.62,942.4,0
4865,4024.1,46.1,848.8,0
5494,3644.1,63.5,541.2,1
5206,3659.2,48.84,1141.2,1
5105,2503.8,35.68,664.8,1
4973,4088.8,24.91,1387.2,0
5161,3139.4,36.81,835.1,1
5096,3707.4,26.94,1075.7,0
5075,3977.3,32.84,1219.9,0
5565,3562.5,34.33,709.4,0
5502,3499.7,62.97,697.4,0
4956,3652.7,10.01,753.9,1
5730,4283.7,-1.23,891.9,0
5102,2602.0,66.23,1036.4,0
5028,3689.5,17.63,525.2,0
4814,3258.3,23.26,874.1,0
4857,3105.9,62.81,463.6,0
4918,5207.2,46.84,768.1,1
5629,3919.6,-15.39,535.1,1
4840,3666.8,24.29,884.9,1
5365,3072.4,6.4,431.4,0
5418,3630.9,18.2,834.3,0
5053,3796.7,14.52,110.5,0
5744,3401.0,79.05,863.6,1
4784,3185.0,39.16,988.2,0
5456,4201.4,0.96,722.5,0
5550,3388.5,88.23,845.6,1
5540,3171.8,36.23,701.0,1
5677,3204.4,65.94,595.3,0
4849,4423.7,57.13,89.6,0
5569,3784.5,29.95,138.5,0
5269,4459.3,16.91,991.1,0
4834,3065.0,30.21,1183.5,0
5511,3753.0,4.65,791.2,1
5522,3413.4,3.31,659.8,0
5551,3792.2,21.26,385.7,0
5124,3167.7,73.27,148.6,1
5146,3064.5,25.39,739.4,0
5216,2641.5,52.27,383.1,1
4891,2910.6,43.95,811.3,0
4815,2921.4,56.02,1132.3,1
5254,3896.3,81.78,920.1,0
5524,4178.2,12.14,1854.1,0
5424,3747.9,30.76,1325.8,0
4778,3374.6,15.38,797.2,0
4904,3437.5,72.28,514.0,1
5477,3995.1,4.55,671.5,1
5598,3318.4,46.49,399.0,0
5405,3255.4,42.78,1183.3,0
5303,4472.0,71.57,412.4,0
4883,3447.6,79.27,783.5,0
4846,3899.4,49.02,1170.3,1
5707,3079.3,12.41,853.3,0
5154,3362.1,20.1,968.7,0
5174,4455.1,-10.07,647.4,0
5295,3694.4,24.59,1213.0,1
5289,3168.8,21.01,555.1,0
5438,3929.0,24.21,653.5,0
5162,4341.8,-4.58,668.0,1
4765,3428.9,28.7,481.2,0
5025,3653.6,26.34,1421.8,0
5304,3717.1,-5.99,440.4,0
5406,4250.6,29.35,393.2,1
5671,3851.1,48.84,811.4,1
5079,3383.0,9.65,565.6,1
5604,4083.9,25.91,624.1,1
5683,2834.6,31.1,758.9,1
5739,3172.1,11.45,845.3,0
5557,3615.1,23.07,1002.8,0
5622,3335.4,21.13,501.0,0
5702,3111.8,49.26,469.7,0
5017,3270.9,14.64,570.0,0
4770,3488.5,74.56,445.2,0
4794,2681.8,21.25,801.4,0
5626,3042.2,22.0,797.9,1
5373,3113.7,-2.72,422.1,1
5343,3572.4,11.54,1109.4,1
4998,4001.8,33.6,973.8,1
5119,4358.9,39.91,678.2,0
5703,4367.1,-2.82,863.5,0
5422,2606.1,39.84,571.0,1
4785,3667.8,56.75,640.2,1
5314,4401.3,43.58,1019.2,0
5378,4330.1,22.3,853.3,1
4867,3819.5,40.4,730.8,0
4927,3245.2,24.7,821.6,0
5644,4281.4,22.82,1483.5,1
5662,2505.8,64.26,740.8,1
5337,2689.8,39.96,828.2,1
4914,3859.7,27.87,770.8,1
4928,4493.1,2.65,739.8,0
5386,3676.6,20.43,689.4,1
5533,3613.4,56.08,682.5,0
5439,3987.3,-0.25,915.9,0
5374,3282.5,56.3,934.9,0
4895,4287.3,0.2,593.8,0
5580,3828.4,67.27,607.2,0
4890,3187.4,-5.89,910.6,0
5265,3607.6,33.11,890.3,0
5726,3106.6,43.79,571.4,1
5559,3451.8,46.29,897.0,0
5585,3142.4,21.94,1166.2,0
5654,3860.6,55.3,196.9,0
5636,3737.4,-7.04,999.9,1
5664,3874.6,35.78,617.1,0
4897,3817.5,43.32,510.5,0
4763,4409.7,-2.18,347.7,0
5346,3695.8,18.67,710.5,0
5544,3133.2,12.06,830.5,0
4820,3378.7,55.33,1113.6,0
4817,3256.5,47.77,551.6,0
5250,3413.3,47.59,631.7,0
5004,3966.4,66.36,683.9,0
5499,4056.6,61.41,1138.7,0
5381,3548.6,47.79,680.0,1
5641,4711.6,33.27,345.7,0
5052,2593.9,43.67,620.6,0
4907,2609.1,34.11,1248.5,1
5396,3330.7,69.84,1058.4,0
5021,3402.9,51.64,1061.4,0
5420,3812.8,19.14,521.1,0
5384,3703.8,11.09,976.3,0
5368,2929.2,73.97,554.1,1
5410,3052.2,44.98,1143.0,1
4806,2469.8,60.7,545.0,0
5020,3419.9,28.87,827.9,0
5345,3253.0,56.06,666.8,0
5505,2702.8,-15.25,692.0,0
5167,2827.7,43.91,1181.0,0
5660,3851.6,57.77,657.3,0
4818,3671.6,100.85,498.2,0
5323,4361.9,33.02,1361.2,0
5648,3157.1,6.44,626.5,1
5019,3908.0,63.84,554.5,1
5131,3170.5,-8.29,1089.7,0
5549,3245.8,-11.59,862.4,0
5264,4388.1,33.88,1316.5,1
4773,2614.8,49.09,844.4,0
5242,3852.8,20.35,310.8,0
5065,2719.4,16.09,775.1,0
5077,3744.6,17.99,996.9,1
5022,4004.5,47.88,770.4,0
5716,2277.1,96.63,593.7,0
4782,3613.3,32.6,669.7,0
5291,3920.8,37.59,514.0,1
4771,3202.0,36.73,912.2,1
5349,2963.9,53.2,866.2,1
5273,3054.3,9.75,838.6,1
5403,3571.9,13.15,821.6,0
5566,3844.1,40.96,322.6,0
5255,3690.0,33.01,395.8,1
5049,3343.5,6.93,882.4,0
5697,2576.0,9.92,626.8,1
4896,3370.8,1.31,1247.2,0
5579,3316.0,8.79,719.9,1
4855,3677.7,30.12,950.8,0
5684,3250.7,5.71,813.0,0
5173,3578.7,1.18,429.1,0
5296,2453.7,54.07,728.5,0
5407,3068.8,33.44,292.9,0
4984,3923.5,23.28,783.9,0
4869,3612.1,19.26,931.9,0
4951,3688.0,54.05,553.9,1
5423,3282.5,46.85,652.4,1
5032,3712.4,48.99,354.1,0
5153,3886.7,42.24,811.7,0
5098,4076.0,5.59,766.4,1
5481,2903.5,19.31,615.1,1
4932,3989.4,59.18,1406.7,0
5610,4004.8,25.09,663.4,1
5516,3510.1,25.38,1381.8,1
5240,2826.6,74.17,348.3,1
5633,3377.0,17.88,261.4,0
4944,3789.1,39.35,1136.9,0
4931,4527.9,34.26,1049.1,0
5462,4069.1,62.93,1082.9,1
4842,2897.9,2.0,595.5,0
4841,3976.0,55.65,788.3,0
5353,3110.2,38.16,863.2,0
5506,3413.5,27.67,469.1,0
5305,3337.6,27.86,883.3,0
5150,5055.5,55.42,840.0,0
4827,2460.1,39.62,679.1,1
5283,3221.5,31.8,549.9,0
5041,4300.1,7.59,1133.8,0
5752,3454.3,45.58,812.9,1
5256,2725.7,30.77,502.0,0
4968,3425.8,34.24,432.5,1
5142,3010.1,82.84,1166.7,0
5419,3612.7,16.38,717.1,0
4797,3885.3,43.74,573.8,0
5211,3686.2,53.84,905.8,0
5274,3224.9,70.85,674.6,1
5674,4571.7,5.87,454.6,0
4979,3435.2,42.56,801.0,0
4941,3836.1,31.37,840.8,0
5140,4176.2,40.74,275.1,0
4833,4182.6,41.19,767.2,0
5287,3791.0,8.17,343.5,1
5570,2570.7,0.75,89.1,1
4970,3415.8,38.27,723.2,0
5459,3417.9,34.17,776.4,0
5354,3230.5,9.82,999.7,0
5687,3450.4,40.86,607.2,0
5235,3424.6,24.03,879.6,0
4779,3632.4,58.63,502.9,0
5198,3044.6,39.24,290.8,0
5145,2589.3,52.37,1115.5,1
5196,4695.0,36.99,1055.1,1
5370,2820.0,9.27,754.7,0
5548,3779.9,58.83,1044.8,1
5680,3641.7,-39.59,928.3,0
4811,3864.4,43.52,1001.8,1
5014,3782.9,21.09,1179.5,0
5114,3807.6,35.73,508.4,0
5246,3379.0,54.46,973.8,1
4774,3646.8,12.77,807.6,1
5040,3527.5,41.24,507.9,1
5342,2363.3,55.95,576.7,0
4985,3265.3,-17.5,741.4,0
5176,3568.9,-11.97,397.6,0
5651,3716.0,43.16,829.1,1
5599,3432.9,24.48,317.8,1
4997,2751.6,29.03,761.9,1
4777,3002.5,-32.72,785.3,0
4946,3937.2,29.09,664.4,0
5238,3784.9,-3.68,638.4,0
5129,3631.0,40.83,473.4,0
5746,4052.9,51.93,935.0,0
5670,2702.0,56.25,760.8,1
5034,3711.6,11.46,915.9,0
4929,2996.8,40.0,892.5,0
5672,2558.4,46.64,828.9,1
5655,3097.4,-11.09,829.6,0
5023,3161.5,6.81,897.9,0
5205,3915.2,-17.23,806.0,1
5066,2517.7,59.31,897.0,0
4900,3272.8,56.25,888.7,0
4930,3318.8,81.17,496.7,1
4819,2956.8,38.49,950.7,1
5709,4067.4,24.9,30.0,1
5523,3458.0,32.43,1053.4,0
5719,3171.1,45.77,965.0,1
4825,3389.4,43.46,734.1,1
5493,2252.3,44.63,881.7,1
4989,3035.5,11.01,594.4,0
5329,3670.6,58.86,731.6,0
5010,3187.6,49.81,745.5,1
4776,3886.9,51.34,819.6,0
5515,3659.2,48.15,733.5,0
4831,3772.7,30.83,433.1,0
5688,3880.8,27.7,880.3,1
5602,3731.1,50.24,612.5,1
5521,4121.5,-1.58,1352.8,0
5639,3645.4,62.59,497.4,1
5474,4077.3,36.53,905.6,0
5172,3081.9,43.57,1277.1,0
4912,3481.7,26.78,569.4,1
5385,2824.1,17.71,325.6,1
5084,3324.1,12.91,735.1,0
4788,3123.5,6.18,742.1,0
5643,3214.8,10.73,864.5,1
5411,4219.0,35.51,930.9,1
5634,4268.1,35.5,585.3,0
5300,2710.1,18.52,465.0,0
5088,4329.3,50.37,339.0,1
4810,5045.9,6.96,842.2,0
5673,2658.1,58.97,587.3,1
5312,3407.2,74.67,1143.3,0
5458,3963.1,-29.5,449.0,0
5675,2698.2,73.09,864.7,1
5327,2875.7,64.99,635.7,1
4873,3973.3,31.27,935.9,0
5272,3414.9,49.82,573.0,0
5039,3543.2,30.27,784.7,1
5333,2586.1,56.04,917.0,1
5358,2845.2,58.06,483.1,0
5507,3615.6,34.09,1015.3,0
5681,1998.9,67.55,765.6,1
5252,3166.7,69.51,643.5,0
5614,3387.2,8.1,888.6,1
5678,3430.2,58.71,303.8,1
4994,3764.9,52.31,824.8,0
5492,4348.6,34.37,331.5,0
4982,3641.0,-5.16,1212.0,0
5185,3620.1,16.72,370.4,0
5734,3640.4,26.18,995.9,0
5051,3752.4,34.97,406.1,0
4925,3658.7,47.3,829.8,1
5085,2869.0,41.01,771.6,0
4824,3833.1,37.55,648.3,1
4913,4169.6,0.81,1155.4,0
5391,3780.2,70.83,1077.7,0
5389,3180.9,50.55,601.5,0
5018,3078.4,73.41,766.3,0
5627,3873.8,-14.31,1172.6,0
5120,2591.7,65.34,231.5,1
4790,3604.5,37.5,896.2,1
4934,3061.2,40.66,987.7,0
4837,4020.4,66.91,1503.4,0
4981,2791.5,51.65,982.6,0
5360,4004.9,11.09,537.0,0
5618,3084.7,57.83,923.8,0
5056,3434.7,10.19,902.4,0
5747,3189.2,41.69,1024.8,0
5288,1684.0,59.62,704.8,0
5069,3271.2,27.7,450.1,1
4760,4185.1,32.62,782.6,1
5195,3399.5,51.58,641.7,1
4808,4337.7,26.2,739.5,0
5431,3650.3,41.69,1202.6,0
5737,2447.9,64.52,979.4,1
5127,3609.3,-0.69,862.8,0
5210,3796.6,11.26,1136.8,0
5006,2824.9,44.93,713.1,0
5603,3239.4,24.69,886.8,0
5685,2974.8,44.5,564.9,1
4953,3264.0,51.29,883.5,0
5440,2782.1,34.58,350.4,1
5139,4141.6,3.2,727.6,0
5663,2713.3,42.67,888.6,0
5197,3703.0,43.94,838.1,0
5382,3665.4,54.52,1443.7,0
4980,4059.2,60.73,820.1,0
5143,2609.7,83.54,558.6,0
5711,4767.4,5.68,626.5,1
5436,3228.8,46.94,482.9,1
5564,3357.3,10.02,690.3,0
5426,3666.9,82.18,810.2,1
5483,3622.0,36.52,873.3,0
4977,3471.3,2.02,461.0,0
4974,3142.0,16.48,840.0,0
4921,2624.1,70.56,868.4,1
5581,3386.0,61.83,681.7,1
4983,3129.8,52.6,733.0,0
5748,3386.5,75.71,1086.7,1
5282,3307.6,23.9,1115.3,0
5449,3306.1,30.11,536.4,0
5244,3687.3,27.42,611.3,0
5030,3143.6,44.44,765.6,1
4940,4090.3,28.26,958.5,0
5331,3544.5,42.46,726.6,0
5659,3808.9,-0.93,852.5,0
4971,3045.3,-0.2,658.0,1
5657,2753.2,51.26,719.0,1
5043,3649.6,53.92,770.2,1
5661,3305.3,61.67,1077.5,1
5163,3159.2,23.25,762.8,0
5187,3784.6,5.48,591.6,0
5355,4107.8,7.62,988.3,1
4939,3656.5,59.64,662.9,0
5026,2536.5,51.19,701.5,0
5048,4048.5,25.51,441.8,0
5412,3778.1,10.87,865.7,0
5117,2636.4,29.54,897.9,1
5383,2894.2,40.29,1188.4,0
5583,2793.9,55.08,490.5,1
5080,3117.4,76.26,766.5,0
5490,2399.5,33.39,1270.8,0
5258,4180.7,80.11,623.7,0
5430,3008.5,78.41,690.1,1
4950,4555.1,34.42,743.4,0
5706,4260.3,18.6,689.5,0
5357,3442.0,15.97,480.8,0
5136,3866.8,33.74,528.6,1
5094,3796.5,60.73,168.5,1
4966,4013.6,64.62,926.9,0
5518,3875.9,52.94,807.6,1
5074,4563.6,23.03,861.1,0
5715,3940.6,36.85,491.3,0
5526,3391.2,48.44,393.3,0
5029,2502.0,71.04,148.8,1
5192,3473.9,60.9,777.9,0
5543,4253.6,55.54,913.6,1
5686,4092.6,53.04,878.8,0
5375,3334.3,20.18,802.3,1
5067,2800.2,75.42,738.5,1
5328,3544.4,51.0,1014.3,0
5690,2928.4,68.11,464.3,1
5513,4002.9,31.08,1101.2,1
5149,4224.1,45.14,175.8,0
5224,3271.2,36.38,536.2,1
5416,3997.9,34.16,773.2,1
5498,3946.0,58.96,979.2,1
4926,4189.6,36.87,867.6,0
4830,3381.2,76.98,499.7,0
5093,3355.0,48.29,888.8,1
5366,3365.7,14.42,474.2,1
5656,3752.5,54.14,775.5,1
4789,3298.2,38.05,802.2,1
5311,3950.3,28.1,364.7,0
5713,3070.2,62.41,720.8,1
5281,2298.4,27.17,672.9,0
5095,3434.3,32.6,831.8,1
5137,3254.3,16.33,986.0,1
4799,4016.2,37.16,941.8,1
5229,3997.7,31.95,1124.2,0
5729,4455.0,26.72,777.3,1
5376,3882.2,31.3,806.8,0
5465,2793.2,42.16,574.3,1
4885,2532.6,49.99,841.6,1
5293,3445.0,15.28,906.7,0
5132,2951.7,50.7,818.0,0
5000,4000.1,44.83,384.7,1
5691,2490.5,34.04,840.6,0
5701,2967.1,6.05,846.6,0
5166,3204.2,-7.33,519.8,0
5315,3808.5,34.71,1149.6,0
5324,4149.4,43.35,1034.2,0
5081,3607.5,19.25,577.7,0
5642,3701.1,76.41,568.6,0
5208,2886.1,50.74,282.1,1
5461,4393.0,-19.02,840.9,0
5280,3677.5,12.8,613.6,0
5509,2922.7,-15.75,956.7,0
5710,3107.5,25.57,827.0,0
5725,2631.1,95.55,471.7,1
5571,4035.6,49.63,1067.0,1
5488,3490.5,18.48,779.0,1
5679,3296.4,21.01,531.2,0
5335,3652.4,41.33,379.0,1
5188,3051.9,26.41,719.7,0
5721,3302.5,19.46,471.1,1
5309,3656.7,58.05,572.7,1
5577,3295.8,31.65,620.1,0
5649,3526.2,56.53,365.2,1
5612,4524.3,16.72,423.5,1
5169,2753.5,33.23,114.0,0
4886,3893.5,17.41,1365.2,0
5109,4152.1,19.07,1126.1,1
4859,4049.4,28.47,697.1,1
4991,4103.2,78.13,1122.0,1
5532,2990.1,51.56,659.9,0
4807,2471.3,35.07,1189.9,0
5552,4214.8,-8.82,1303.5,0
5009,3767.8,-3.12,812.6,0
5740,3554.7,29.21,668.7,1
5437,3562.2,25.29,532.1,1
5339,2702.2,32.94,198.4,1
5313,3356.4,22.01,1042.9,1
5616,2390.3,68.33,478.4,0
4960,3367.3,21.83,691.3,1
4898,3896.6,67.29,804.7,0
5591,3256.6,35.68,855.6,0
5107,3845.7,62.34,764.9,0
4996,3109.1,5.02,819.1,0
5608,3383.2,-19.92,453.5,0
4829,2841.4,60.02,659.2,0
5444,3507.3,32.9,283.9,0
5573,3786.9,19.71,803.5,0
5434,3425.1,49.95,389.3,0
5055,2603.6,22.36,818.3,0
5341,3726.0,31.26,1160.3,0
5168,3701.9,49.37,-38.2,1
5350,4144.1,32.93,588.3,1
5082,3124.7,29.81,1146.2,1
5321,4224.8,30.51,707.1,0
5072,3927.3,64.73,544.0,0
4755,3885.3,36.72,1361.1,0
5090,2814.4,61.79,84.4,1
5717,4534.9,20.42,1180.9,0
5574,3233.5,56.54,688.4,0
5665,3840.6,56.7,607.2,0
4976,3070.7,61.61,701.5,1
5558,4328.2,49.74,482.1,0
4936,4172.0,45.87,916.1,1
4816,2545.7,58.07,550.6,0
4905,4086.8,41.06,1026.5,1
5189,3758.0,41.51,844.2,1
4945,2457.7,69.82,402.0,1
5605,3984.4,40.44,779.6,0
5367,3557.2,37.09,1364.2,0
5504,4324.8,59.65,965.9,0
4828,3222.6,36.68,988.7,0
4802,3976.4,23.91,993.0,0
5116,3735.9,27.13,528.3,1
5268,4160.8,78.31,712.3,1
5046,2340.9,89.36,1290.7,1
4958,2795.1,39.28,986.8,1
4791,3191.7,17.18,1193.1,0
5402,2349.6,63.08,552.4,0
5089,3503.2,25.8,923.6,0
5484,4587.6,2.48,808.4,1
5100,2995.2,30.09,845.2,0
5317,3655.0,52.17,958.1,0
5178,3627.0,23.16,599.0,0
5388,3700.0,15.62,1406.2,0
4796,3168.5,55.25,987.3,1
5340,3198.7,3.53,769.8,1
5635,3176.6,30.52,1199.5,0
5500,4682.8,27.38,789.7,0
4963,3973.9,48.42,753.8,1
4847,3505.7,20.31,839.5,0
5460,2486.2,52.59,665.6,1
5727,2800.1,2.21,717.0,1
4949,2902.8,49.88,608.5,1
5698,3884.4,74.29,497.8,0
5527,3442.9,23.7,1187.6,1
5266,3866.4,17.83,556.4,1
5668,2632.6,62.44,871.7,0
4850,3554.6,9.72,477.1,1
5203,2978.8,70.39,672.7,1
4772,3836.7,2.62,1052.4,1
4988,3281.7,30.54,1005.5,0
4813,2926.8,3.93,540.5,0
5489,4489.2,35.06,910.1,0
5318,4027.8,21.78,1057.3,1
5031,3574.7,53.13,479.4,1
5070,2205.3,87.23,527.4,0
5071,4474.1,2.06,725.5,0
5159,2961.6,34.62,838.5,0
4836,3939.5,13.89,787.3,0
5387,4874.5,66.52,483.1,0
5267,3439.4,-7.9,492.9,0
5015,4068.9,54.42,1110.3,1
4919,2703.3,93.87,575.7,1
4935,3808.5,39.64,1106.9,0
5193,3731.1,39.3,804.2,1
4866,2688.6,84.95,518.6,1
5123,3555.7,18.35,641.7,0
4942,2048.4,63.86,308.3,0
5447,4623.0,13.42,1170.5,0
5435,3976.6,39.25,783.8,0
5742,3938.0,70.88,786.2,0
5209,3422.8,32.72,767.4,1
5351,2989.8,19.23,1067.6,0
5151,2968.7,17.01,655.7,0
5047,3528.8,8.9,1132.2,0
4993,3741.0,29.8,832.9,0
5576,3426.0,-7.29,334.6,0
4948,2327.1,61.83,283.4,1
5356,3415.0,28.67,332.1,0
4868,3158.1,41.67,720.0,0
5467,3383.7,30.6,824.8,0
5230,3956.0,59.73,500.5,0
5099,2727.2,60.62,342.3,1
4915,3573.8,51.56,1120.6,0
5594,3006.7,47.37,1476.9,0
5336,4252.0,9.31,1105.5,0
4752,3327.2,77.93,851.3,1
5592,3351.4,13.61,1173.3,0
5714,4022.1,66.66,545.6,0
5588,3852.0,18.73,629.4,1
4877,3036.9,18.46,359.5,0
5054,5129.0,66.21,597.3,0
4805,3647.9,0.33,1004.4,0
5103,3163.4,58.52,805.7,1
5512,3997.4,69.89,631.1,0
5397,3606.1,35.12,1084.4,1
5433,4007.5,48.53,621.4,0
5302,2288.0,33.99,746.6,1
4893,3100.7,12.63,944.6,1
5270,3271.7,45.1,585.4,0
5454,3479.9,84.42,540.6,1
5593,4352.4,23.56,703.2,0
5278,3916.3,20.38,888.3,1
5110,2995.7,54.83,486.3,0
5108,4046.6,53.08,887.0,0
4769,4245.2,21.72,750.1,0
5227,3427.1,18.23,874.3,1
5647,4098.5,19.74,720.7,0
5332,3846.3,26.48,1027.5,0
5155,3129.5,20.87,748.3,1
5003,4006.7,76.84,384.8,1
5271,2552.1,35.84,997.7,0
5733,3754.8,59.23,248.8,1
5724,3792.4,30.25,933.9,0
5223,3303.1,42.42,897.6,0
5478,3604.0,65.08,479.1,0
5712,2775.2,38.12,860.7,0
5508,2999.4,19.41,567.9,0
5253,3086.0,62.37,385.6,1
5112,4329.7,-28.8,598.7,0
5595,2964.5,46.59,807.6,1
5380,2972.5,51.03,-204.9,1
5590,4505.6,42.44,688.7,1
4822,4104.0,42.48,475.2,0
5033,3444.7,49.01,1418.9,0
5126,3354.9,33.0,319.9,0
4862,3148.8,74.41,614.4,0
5464,3907.2,26.85,757.2,0
4809,3956.9,64.31,349.0,1
5514,3971.8,83.41,593.8,0
4843,3344.7,22.92,893.3,0
5463,4255.2,35.77,1261.5,0
5584,4098.2,34.07,795.8,0
5338,2963.9,29.08,661.1,1
5008,3129.3,40.92,856.3,1
5125,3712.3,5.69,546.8,0
4781,3643.8,61.35,843.1,1
5222,3694.1,53.22,951.4,0
5442,3599.4,52.02,831.0,0
4992,3988.8,-1.7,1049.9,0
5158,3227.4,47.16,556.2,0
5646,2491.6,101.89,1222.4,1
5035,3233.3,-5.84,596.3,0
5325,3834.9,41.82,1180.0,0
5190,3541.9,17.87,242.5,1
5379,2863.3,22.14,566.3,0
5486,4747.8,34.76,1060.5,0
5276,3756.5,42.76,1536.3,1
5092,3763.3,55.41,670.7,1
5217,3063.4,26.09,834.3,0
4764,3544.0,37.5,1060.8,0
4954,3860.7,50.11,605.4,0
4767,2929.5,60.42,544.7,1
5369,2673.1,0.06,754.1,1
4906,3727.0,-1.4,761.4,0
5310,4240.9,85.51,695.8,0
4888,3408.9,40.36,676.2,0
5441,3133.1,8.87,737.0,1
5251,3188.4,-5.96,993.1,1
5063,3334.2,6.32,748.6,0
5455,3779.4,60.27,945.0,0
4938,3917.4,29.81,1349.3,0
5667,3025.4,29.15,293.9,1
4780,4293.9,13.14,600.9,0
4864,2617.6,70.97,490.9,0
4861,3911.3,12.31,734.0,0
4916,3119.0,26.19,586.5,0
5152,3392.8,28.45,1108.9,1
5348,3494.0,78.44,268.3,0
5408,4677.3,9.03,876.9,0
4910,3974.3,39.81,637.7,0
